Summary,Issue Type,Priority,Assignee,Labels,Description,Acceptance Criteria
"Build the redesigned advertisement creation wizard",Story,High,"Frontend Development Team","redesign, ui-ux, ad-creation, partner-portal","As a partner (external advertiser), I want to create advertisements through an intuitive step-by-step wizard, so that I can launch campaigns on Skyscanner without needing training or internal support.

Background: The current ad creation flow was built for internal power users and requires deep product knowledge. The redesigned wizard simplifies this into 4 clear steps with real-time preview, contextual help, and form validation.

Design Reference: Mockup file: designs/1-ad-creation.html (open in any browser to view the interactive prototype)","- Step-by-step wizard with 4 stages: Campaign Setup → Ad Content → Targeting → Review & Publish
- Progress stepper at the top showing completed, active, and upcoming steps
- Ad format selection with visual cards (Banner, Native, Video, Sponsored)
- Form fields for headline (max 60 chars), description (max 150 chars), destination URL, and CTA dropdown
- Image upload via drag-and-drop or file browser (PNG/JPG, max 5 MB, recommended 1200×628 px)
- Live ad preview panel on the right that updates in real-time as the user fills out fields
- Save as Draft button in the header that persists work-in-progress
- Contextual help tooltips (?) on every form field explaining what the field is for
- Form validation with inline error messages for required fields
- Responsive layout — preview panel stacks below the form on screens < 900px
- Navigation — Back and Continue buttons with proper state management between steps
- Breadcrumb navigation showing Dashboard > Campaigns > Create New Ad"
"Build the ad performance monitoring dashboard",Story,High,"Frontend Development Team","redesign, ui-ux, analytics, performance, partner-portal","As a partner (external advertiser), I want to view my campaign performance through a clear, visual dashboard, so that I can understand how my ads are performing and make data-driven optimization decisions.

Background: Partners need to quickly assess campaign health without deep analytics expertise. The dashboard presents key metrics prominently, trend charts for patterns, traffic source breakdowns, and a sortable campaign table — all filterable by date range, campaign, and status.

Design Reference: Mockup file: designs/2-ad-performance.html (open in any browser to view the interactive prototype)","- 6 metric cards at the top: Impressions, Clicks, CTR, Conversions, Total Spend, ROAS
- Each metric card shows the current value and % change vs. previous period (green ▲ for positive, red ▼ for negative)
- Filter bar with: Date range picker (start/end), Campaign dropdown, Status dropdown (All/Active/Paused/Ended)
- Performance Over Time line chart showing Impressions and Clicks trends with legends and data points
- Traffic Sources donut/pie chart with breakdown (Search, Mobile App, Social, Direct) and center total
- Campaign Details table with columns: Campaign name, Status badge, Impressions, Clicks, CTR, Conversions, Spend, Trend
- Status badges: Active (green), Paused (amber), Ended (grey)
- Search input above the table to filter campaigns by name
- Export buttons: ""Export CSV"" and ""Download Report"" in the header
- ""+ New Campaign"" button linking to the ad creation page
- Responsive layout — charts stack vertically on screens < 900px, metric cards go to 2-column grid on mobile
- All data fetched from the analytics API with loading states"
"Build the user feedback survey page",Story,Medium,"Frontend Development Team","redesign, ui-ux, feedback, partner-portal, research","As a partner (external advertiser), I want to easily provide feedback about my experience on the platform, so that Skyscanner can improve the product based on real user input.

Background: Continuous feedback collection is essential to validating the redesign and identifying further improvement opportunities. The survey is short (6 questions, ~2 minutes), supports anonymous submission, and includes a mix of rating scales, multiple choice, and open text to gather both quantitative and qualitative data.

Design Reference: Mockup file: designs/3-user-feedback.html (open in any browser to view the interactive prototype)","- Welcome banner with title, description, and estimated completion time (""~2 minutes"")
- Progress bar that updates as questions are answered (e.g., ""3 of 6 answered"")
- Q1 — Star rating (1-5 stars) for overall satisfaction, with labels ""Very Unsatisfied"" to ""Very Satisfied""
- Q2 — Radio select for ease of ad creation (5 options from ""Very easy"" to ""Very difficult"")
- Q3 — Multi-select chips for most useful features (Ad Creation Wizard, Performance Dashboard, Campaign Search, Report Export, Audience Targeting, Live Preview, Draft Saving)
- Q4 — NPS scale (0-10) for likelihood to recommend, with labels ""Not likely"" to ""Extremely likely""
- Q5 — Radio select for biggest improvement area (Navigation, Ad creation flow, Performance reporting, Billing, Documentation)
- Q6 — Open text area (optional, max 500 chars) with live character counter
- Optional questions are visually distinguished (grey left border, ""Optional"" tag)
- Anonymous toggle — switch to submit feedback without attaching user identity
- Submit button — on click, hides form and shows a Thank You confirmation with a button to return to the dashboard
- Responsive layout for mobile screens
- Feedback data submitted to the feedback API endpoint"